feature,mean_absolute_shap_value
numeric__job_level,0.5037140231870694
numeric__total_working_years,0.47296443682837
numeric__years_since_promotion,0.4360209875337673
numeric__num_companies_worked,0.4068864583351307
numeric__years_with_curr_manager,0.38905513213408727
numeric__environment_satisfaction,0.3657255631691474
categorical__overtime_No,0.3607546172292489
numeric__job_satisfaction,0.3286086889672979
categorical__job_role_Laboratory Technician,0.31861699331241833
categorical__overtime_Yes,0.30662401367413716
categorical__business_travel_Travel_Frequently,0.2718915087101166
numeric__monthly_income,0.2671034887659041
numeric__job_involvement,0.2609438324825765
numeric__distance_from_home,0.258765057613784
numeric__years_in_current_role,0.239315293786559
categorical__marital_status_Single,0.208863332112558
numeric__age,0.20753828493697113
numeric__relationship_satisfaction,0.20225691439645854
numeric__years_at_company,0.20041437183529548
numeric__percent_salary_hike,0.1895978588138411
