month,target,model,forecast
2025-01-01,headcount,holt_winters,1471.1431132423754
2025-02-01,headcount,holt_winters,1475.2680287435937
2025-03-01,headcount,holt_winters,1479.518450241436
2025-04-01,headcount,holt_winters,1483.894306629125
2025-05-01,headcount,holt_winters,1491.1460701529777
2025-06-01,headcount,holt_winters,1498.0233744969496
2025-07-01,headcount,holt_winters,1500.0263067837286
2025-08-01,headcount,holt_winters,1501.1549560705005
2025-09-01,headcount,holt_winters,1505.6592544221855
2025-10-01,headcount,holt_winters,1507.5390929591335
2025-11-01,headcount,holt_winters,1508.794796755523
2025-12-01,headcount,holt_winters,1514.6761035596542
2025-01-01,hires,baseline,7.0
2025-02-01,hires,baseline,7.0
2025-03-01,hires,baseline,7.0
2025-04-01,hires,baseline,7.0
2025-05-01,hires,baseline,7.0
2025-06-01,hires,baseline,7.0
2025-07-01,hires,baseline,7.0
2025-08-01,hires,baseline,7.0
2025-09-01,hires,baseline,7.0
2025-10-01,hires,baseline,7.0
2025-11-01,hires,baseline,7.0
2025-12-01,hires,baseline,7.0
2025-01-01,exits,baseline,1.0
2025-02-01,exits,baseline,1.0
2025-03-01,exits,baseline,1.0
2025-04-01,exits,baseline,1.0
2025-05-01,exits,baseline,1.0
2025-06-01,exits,baseline,1.0
2025-07-01,exits,baseline,1.0
2025-08-01,exits,baseline,1.0
2025-09-01,exits,baseline,1.0
2025-10-01,exits,baseline,1.0
2025-11-01,exits,baseline,1.0
2025-12-01,exits,baseline,1.0
2025-01-01,attrition_rate,baseline,0.0006830601092896175
2025-02-01,attrition_rate,baseline,0.0006830601092896175
2025-03-01,attrition_rate,baseline,0.0006830601092896175
2025-04-01,attrition_rate,baseline,0.0006830601092896175
2025-05-01,attrition_rate,baseline,0.0006830601092896175
2025-06-01,attrition_rate,baseline,0.0006830601092896175
2025-07-01,attrition_rate,baseline,0.0006830601092896175
2025-08-01,attrition_rate,baseline,0.0006830601092896175
2025-09-01,attrition_rate,baseline,0.0006830601092896175
2025-10-01,attrition_rate,baseline,0.0006830601092896175
2025-11-01,attrition_rate,baseline,0.0006830601092896175
2025-12-01,attrition_rate,baseline,0.0006830601092896175
