month,headcount,hires,exits,attrition_rate,net_change
2021-01-01,1441,5,5,0.0,0
2021-02-01,1439,5,7,0.004857737682165163,-2
2021-03-01,1437,3,5,0.0034746351633078527,-2
2021-04-01,1439,7,5,0.003479471120389701,2
2021-05-01,1437,7,9,0.006254343293954135,-2
2021-06-01,1438,5,4,0.0027835768963117608,1
2021-07-01,1433,2,7,0.004867872044506259,-5
2021-08-01,1431,4,6,0.00418702023726448,-2
2021-09-01,1425,2,8,0.005590496156533892,-6
2021-10-01,1425,5,5,0.0035087719298245615,0
2021-11-01,1416,1,10,0.007017543859649123,-9
2021-12-01,1423,10,3,0.00211864406779661,7
2022-01-01,1418,4,9,0.006324666198172874,-5
2022-02-01,1417,6,7,0.004936530324400564,-1
2022-03-01,1420,6,3,0.002117148906139732,3
2022-04-01,1417,4,7,0.004929577464788733,-3
2022-05-01,1421,8,4,0.0028228652081863093,4
2022-06-01,1423,5,3,0.00211118930330753,2
2022-07-01,1420,4,7,0.004919184820801124,-3
2022-08-01,1421,2,1,0.0007042253521126761,1
2022-09-01,1425,6,2,0.0014074595355383533,4
2022-10-01,1420,4,9,0.00631578947368421,-5
2022-11-01,1419,7,8,0.005633802816901409,-1
2022-12-01,1415,4,8,0.005637773079633545,-4
2023-01-01,1415,5,5,0.0035335689045936395,0
2023-02-01,1418,4,1,0.0007067137809187279,3
2023-03-01,1418,3,3,0.0021156558533145277,0
2023-04-01,1419,4,3,0.0021156558533145277,1
2023-05-01,1426,9,2,0.0014094432699083862,7
2023-06-01,1431,5,0,0.0,5
2023-07-01,1430,4,5,0.0034940600978336828,-1
2023-08-01,1425,2,7,0.0048951048951048955,-5
2023-09-01,1431,9,3,0.002105263157894737,6
2023-10-01,1428,7,10,0.0069881201956673656,-3
2023-11-01,1430,4,2,0.0014005602240896359,2
2023-12-01,1434,7,3,0.002097902097902098,4
2024-01-01,1437,9,6,0.0041841004184100415,3
2024-02-01,1438,6,5,0.003479471120389701,1
2024-03-01,1439,8,7,0.004867872044506259,1
2024-04-01,1442,9,6,0.004169562195969423,3
2024-05-01,1448,9,3,0.0020804438280166435,6
2024-06-01,1454,7,1,0.0006906077348066298,6
2024-07-01,1458,7,3,0.0020632737276478678,4
2024-08-01,1456,6,8,0.0054869684499314125,-2
2024-09-01,1458,9,7,0.004807692307692308,2
2024-10-01,1462,7,3,0.00205761316872428,4
2024-11-01,1464,3,1,0.0006839945280437756,2
2024-12-01,1470,7,1,0.0006830601092896175,6
